Mã serial,Mã dự thưởng
"000001","AB3D60A1"
"000002","94D0498A"
"000003","C382FDDA"
"000004","1321103A"
"000005","5DC24B42"
"000006","474CF175"
"000007","6777D9C5"
"000008","D3A1A5D3"
"000009","8BA9F53F"
"000010","7F4F0143"
"000011","36A4DD8E"
"000012","1596066C"
"000013","A4F8E785"
"000014","7AA03874"
"000015","CF941642"
"000016","FFB96AFE"
"000017","30A4C1B9"
"000018","F11738E7"
"000019","A47BB19D"
"000020","266CEBFB"
"000021","AD6D9E35"
"000022","ACAD1FFE"
"000023","3D0A4F86"
"000024","E4B78209"
"000025","4BEEA9EF"
"000026","51350902"
"000027","74CAB6D8"
"000028","993BA4C9"
"000029","30794EB2"
"000030","AFE7DAD9"
"000031","6E884DC1"
"000032","981ADFFE"
"000033","265A5016"
"000034","32E2C17D"
"000035","74E9B457"
"000036","D56BC71E"
"000037","BEB43C2A"
"000038","5E22B249"
"000039","1DC2E1BD"
"000040","A812A36E"
"000041","8B268E86"
"000042","66735B15"
"000043","906C26A6"
"000044","FA793C40"
"000045","9004E7B8"
"000046","D333DB7D"
"000047","87B76EA6"
"000048","8DCE19D8"
"000049","FAEDB3E8"
"000050","75BFAB43"
"000051","1DE929F4"
"000052","8D1FA4EA"
"000053","C11BAAF0"
"000054","68B60930"
"000055","E46634E1"
"000056","AFD380B9"
"000057","E4D97C5B"
"000058","724656EB"
"000059","89942695"
"000060","F6A67CCA"
"000061","830B13D2"
"000062","7F13BEAC"
"000063","FDB55EF0"
"000064","538D892C"
"000065","D0CBCDC3"
"000066","C72E84E8"
"000067","F3563ABD"
"000068","1B7BFC1B"
"000069","3DACFFDE"
"000070","BC0D63C7"
"000071","312CC9AF"
"000072","F93F9B4D"
"000073","912C3397"
"000074","FD5D525B"
"000075","12186608"
"000076","5A4EBAB8"
"000077","F1847604"
"000078","32EA16A8"
"000079","343A91EF"
"000080","7990D920"
"000081","3F0A17C7"
"000082","6BCE03C8"
"000083","19EE74B3"
"000084","E0D61519"
"000085","91CC4228"
"000086","8683404B"
"000087","6EB05D94"
"000088","F7DDE09B"
"000089","9F43BED4"
"000090","4A5CF9F7"
"000091","2ED2A915"
"000092","CF794C32"
"000093","7B625121"
"000094","C15AE54D"
"000095","4B2967B5"
"000096","88814FC3"
"000097","BB6203B1"
"000098","493563EA"
"000099","E9A22988"
"000100","81056BB2"
"000101","B93FC986"
"000102","1BECBAFD"
"000103","99094B09"
"000104","8643075F"
"000105","14D8D0DA"
"000106","DB11B1AA"
"000107","710A2821"
"000108","B7A1EA1D"
"000109","832DE8ED"
"000110","C569F9D4"
"000111","17C38D37"
"000112","CE1E2D92"
"000113","E55C5CD1"
"000114","1C7EC7E9"
"000115","6415D052"
"000116","9C340E35"
"000117","EF679DE3"
"000118","2F0FF003"
"000119","5F1BE985"
"000120","548DF1FB"
"000121","7AFB24B3"
"000122","BE51F2FE"
"000123","B00CF074"
"000124","6961103E"
"000125","7BD7E28A"
"000126","16495401"
"000127","B40F5BCF"
"000128","23910EAF"
"000129","8AACA6EF"
"000130","65819992"
"000131","275364D5"
"000132","C75EFDC7"
"000133","8FA4D84B"
"000134","B5CA5918"
"000135","3615EC5C"
"000136","6C940D25"
"000137","9004DEB0"
"000138","1E90AF70"
"000139","3AF943D9"
"000140","79C45CCE"
"000141","D1B7A30F"
"000142","51D78117"
"000143","AC6D39AF"
"000144","757248B3"
"000145","ACBC7EB1"
"000146","1EBCE90A"
"000147","14ABC77A"
"000148","CC868E9C"
"000149","FCF1028A"
"000150","DFE72FA6"
"000151","A71BC44D"
"000152","13BDB0DF"
"000153","56BDEC05"
"000154","191FAE4A"
"000155","9AB6F974"
"000156","1956F1E8"
"000157","C6BAB040"
"000158","25CDFD7B"
"000159","F35CF9B4"
"000160","B57D4CBC"
"000161","EF66F98E"
"000162","19F1CD66"
"000163","73C81D69"
"000164","6A8EC71B"
"000165","E8A57787"
"000166","98A5CB2E"
"000167","5F25FED4"
"000168","72927EF3"
"000169","EAAF6260"
"000170","E621EE56"
"000171","2C20DCAE"
"000172","ACD9D29A"
"000173","29C411C4"
"000174","CF9F945C"
"000175","63733BE4"
"000176","5DF50691"
"000177","88E4055F"
"000178","496DC4E5"
"000179","D9EB30A9"
"000180","CCCFC0C5"
"000181","6072C1EA"
"000182","4AF00273"
"000183","F90EA63A"
"000184","29F5C46A"
"000185","91A6DFF5"
"000186","B92E0479"
"000187","BA5E0DDA"
"000188","19AC4683"
"000189","B13BAED8"
"000190","BB06BF95"
"000191","177ECCA9"
"000192","CEB83CB9"
"000193","5AE3C920"
"000194","CE05139D"
"000195","FD62CF6C"
"000196","B256078A"
"000197","FB87FE05"
"000198","50408A1D"
"000199","39CEA122"
"000200","3E12D9F1"
"000201","A269EC08"
"000202","82A07CFE"
"000203","516B620D"
"000204","BDE43702"
"000205","E0CDAF99"
"000206","574407B3"
"000207","30DE0522"
"000208","4C05F03E"
"000209","1CDA045F"
"000210","B1BD24D6"
"000211","2D292DEF"
"000212","DCD2FAEA"
"000213","BEEA38A3"
"000214","823956D1"
"000215","76EB1305"
"000216","FEF9815C"
"000217","289956B7"
"000218","F99E3A44"
"000219","E0D4C319"
"000220","9C168FDC"
"000221","E259DDC8"
"000222","BB0C63F0"
"000223","C4042B24"
"000224","E6F1BD63"
"000225","6F796F65"
"000226","6726EACC"
"000227","94B64396"
"000228","5F3D2BDA"
"000229","20FBCF3C"
"000230","66E9FB25"
"000231","BF12BC9C"
"000232","C6EA482E"
"000233","5DC498D1"
"000234","D6C6D612"
"000235","369E8F2F"
"000236","12CFA0B8"
"000237","EA130314"
"000238","4F279B0A"
"000239","D32ED1DF"
"000240","97883A9A"
"000241","F15F1AFE"
"000242","15693E9D"
"000243","B4012DDB"
"000244","4420BF41"
"000245","E433D018"
"000246","6FC60890"
"000247","6CEB5AB8"
"000248","C652E68C"
"000249","AFAD3396"
"000250","7796FFE1"
"000251","AA5EFA7A"
"000252","37BB7B0E"
"000253","2DCE49B4"
"000254","47BEA14B"
"000255","7F4B3886"
"000256","10A359A0"
"000257","6CEDD168"
"000258","B8FB3F7E"
"000259","23B18E06"
"000260","F39FCC54"
"000261","21055A75"
"000262","134B6F35"
"000263","8C0F0751"
"000264","657A9F75"
"000265","DBBA1104"
"000266","227ADF6B"
"000267","40876BFD"
"000268","CE7E5344"
"000269","A7829DC3"
"000270","A459FA9F"
"000271","570BAB43"
"000272","656EC65A"
"000273","87597551"
"000274","210EB38D"
"000275","2D80EB14"
"000276","6122BC78"
"000277","96F6FDA3"
"000278","B958DE24"
"000279","B839993F"
"000280","93DEA072"
"000281","379AE489"
"000282","E3907212"
"000283","7DDDE149"
"000284","333CE107"
"000285","2AF80B13"
"000286","4E901938"
"000287","1C2CE323"
"000288","689C4818"
"000289","48E26226"
"000290","31AA6860"
"000291","B0CC0F8D"
"000292","F8B8AC9C"
"000293","3CEA1A80"
"000294","D2342365"
"000295","5EA60363"
"000296","7D3E6198"
"000297","3F1B8968"
"000298","FA19EC56"
"000299","73264B65"
"000300","80D4BE2B"
"000301","96A71E62"
"000302","DF63BE96"
"000303","46EB6665"
"000304","CD48205A"
"000305","B640CB2B"
"000306","92749131"
"000307","5B546B8E"
"000308","7427CC2A"
"000309","E892420E"
"000310","70408B08"
"000311","299BB635"
"000312","4C5806AB"
"000313","8F276494"
"000314","7EA01965"
"000315","E8FBF11B"
"000316","9AC4C791"
"000317","A7C8454E"
"000318","73525A0A"
"000319","2FA8E6D4"
"000320","818D6B89"
"000321","43401E06"
"000322","D22D2980"
"000323","AE31742B"
"000324","CFADBD6D"
"000325","E51C96D8"
"000326","DC65409A"
"000327","4E2BFEA8"
"000328","2354BC93"
"000329","F5FCC315"
"000330","A9C4BB38"
"000331","63DACD4D"
"000332","12C57C97"
"000333","29932EA5"
"000334","85126A9A"
"000335","D6C1A3D2"
"000336","BACA8148"
"000337","568A5FCF"
"000338","36D85186"
"000339","36F20256"
"000340","366FF561"
"000341","11072B00"
"000342","8D23ADC1"
"000343","E41F6601"
"000344","71E51C9F"
"000345","B0903A74"
"000346","13C4EA73"
"000347","5858EF69"
"000348","52115F61"
"000349","F7AE293F"
"000350","F701DD5A"
"000351","9291C9B0"
"000352","4B9552F8"
"000353","B6A38F0A"
"000354","6298B237"
"000355","14EDB43B"
"000356","3E9C1B63"
"000357","2B286246"
"000358","285DDBE9"
"000359","101312D5"
"000360","610D8A43"
"000361","ED200A29"
"000362","94AB768B"
"000363","578FDC8E"
"000364","AE5D55C5"
"000365","9BCD8507"
"000366","A3446EFD"
"000367","FBAAD0C7"
"000368","8B5FCDD7"
"000369","581502E5"
"000370","F539D9DE"
"000371","A2C64D40"
"000372","CD3869F1"
"000373","C6E6512E"
"000374","27CCD1F0"
"000375","C7C6285A"
"000376","6CA292A2"
"000377","BAF778C0"
"000378","BD33457C"
"000379","8BB5EDB2"
"000380","328106A6"
"000381","8E82F297"
"000382","2A9209D6"
"000383","1F38DEBC"
"000384","97CC38F5"
"000385","44C8CB35"
"000386","D26A9E31"
"000387","FC1914B3"
"000388","E9A40E47"
"000389","BF9E1C9E"
"000390","F826F6C9"
"000391","6897262C"
"000392","42754FB6"
"000393","EF62375A"
"000394","D059B4B7"
"000395","BCE7B13F"
"000396","E2CF3CCF"
"000397","833CE39A"
"000398","E9B527C1"
"000399","9F982626"
"000400","47B19702"
"000401","A49510C2"
"000402","D4A77B3A"
"000403","E7603714"
"000404","58C7882F"
"000405","F33B5A1D"
"000406","6AF66EAD"
"000407","28314902"
"000408","CF2FC45E"
"000409","87CFBE1C"
"000410","F5A0F778"
"000411","16214977"
"000412","C51E4594"
"000413","C775E9C1"
"000414","8DB93132"
"000415","6B1A4557"
"000416","F7D004DD"
"000417","CEF7742A"
"000418","E4D4F4DE"
"000419","EC042562"
"000420","97F50A85"
"000421","4BFF7053"
"000422","331F7D7F"
"000423","2769EA24"
"000424","A0E13F53"
"000425","1126AF3A"
"000426","9C02787C"
"000427","F267CDE0"
"000428","9480516E"
"000429","FD141858"
"000430","BEC8DCE4"
"000431","40FBA8A1"
"000432","E93519AA"
"000433","FE007031"
"000434","5E89F419"
"000435","1C9CF60B"
"000436","FF78DAC4"
"000437","9178F67A"
"000438","5416E65B"
"000439","4F4DE017"
"000440","373AB99A"
"000441","5C483579"
"000442","75913867"
"000443","4A22AB87"
"000444","38ABD276"
"000445","57F8630B"
"000446","29BC9126"
"000447","5C88E848"
"000448","A9504895"
"000449","7A6EB78D"
"000450","590A29A3"
"000451","7D63C330"
"000452","D4D9B0D2"
"000453","C8AB14CE"
"000454","BBC849C2"
"000455","E05EDD5B"
"000456","A97B36E6"
"000457","B7C3633B"
"000458","F3CC2FFC"
"000459","28A502ED"
"000460","7913DE7E"
"000461","C6BDFDAE"
"000462","9058C278"
"000463","CE742970"
"000464","3BB73E7A"
"000465","38FA9572"
"000466","CCF06CF7"
"000467","AED40CAB"
"000468","44C917AD"
"000469","5B64E3F2"
"000470","2F2C8832"
"000471","5C00D141"
"000472","DA0C25F3"
"000473","E6B894FC"
"000474","8CA0AD6E"
"000475","21E709F6"
"000476","13B08DE1"
"000477","5EA9BE4F"
"000478","183C5484"
"000479","5C5A7E3B"
"000480","AD9A4353"
"000481","10D14E86"
"000482","8E891C5D"
"000483","E47D1673"
"000484","BCC3CCB9"
"000485","3EC8CD83"
"000486","81902055"
"000487","A01748F7"
"000488","3FCDC004"
"000489","BCECCF6C"
"000490","D01CB669"
"000491","606F6B3B"
"000492","DF775BD1"
"000493","F2C979FD"
"000494","907EF8D3"
"000495","EE79456B"
"000496","3AE89A5D"
"000497","63407FE2"
"000498","94DC7C56"
"000499","E003495B"
"000500","6C62211E"
"000501","B103EBA8"
"000502","9E898FB8"
"000503","ECD2CD11"
"000504","3D136945"
"000505","A80D1F8D"
"000506","F6D166D3"
"000507","C36CA5E8"
"000508","D283857C"
"000509","4E4367A0"
"000510","15FF909C"
"000511","33938A50"
"000512","7D24E02D"
"000513","3C917F31"
"000514","B5691885"
"000515","C8519376"
"000516","6658572D"
"000517","B6356996"
"000518","8E9FB264"
"000519","FCAE4335"
"000520","BC5010C7"
"000521","CE21FC4C"
"000522","30E551C5"
"000523","44FE6E3D"
"000524","B3EE6C16"
"000525","79D57EE3"
"000526","9E628B97"
"000527","23076531"
"000528","9BE96DC9"
"000529","D614BB71"
"000530","9C8E2354"
"000531","A4FAC6A8"
"000532","49270555"
"000533","BC85E291"
"000534","EEA023D0"
"000535","869C4EAC"
"000536","FA728F82"
"000537","2932A411"
"000538","ADD6E109"
"000539","E0AF0CB7"
"000540","9157F2A9"
"000541","A484D791"
"000542","E1C047D0"
"000543","E5135B50"
"000544","971CB5F0"
"000545","E15D1B4E"
"000546","CAA5D5CF"
"000547","D5CAFA8D"
"000548","C77B743E"
"000549","6F6EC403"
"000550","31A59CDA"
"000551","5264AE7F"
"000552","46F20AB0"
"000553","C8187EC4"
"000554","94EEB4F1"
"000555","821CBF13"
"000556","801EDF0C"
"000557","777D0AE9"
"000558","6B0372EE"
"000559","494BBE3A"
"000560","12D5A604"
"000561","F4AB5F9A"
"000562","4DCFCF81"
"000563","3E88EAF1"
"000564","683FFF21"
"000565","A231AA16"
"000566","75CE570C"
"000567","A7319E72"
"000568","218A50C2"
"000569","CC827CFE"
"000570","D66204E0"
"000571","C3D317F2"
"000572","82493A9A"
"000573","3D1F9252"
"000574","46F76845"
"000575","33400C1C"
"000576","9CF006C1"
"000577","B0898065"
"000578","206B772F"
"000579","1EE7583B"
"000580","165C742F"
"000581","697FC397"
"000582","D3A268F4"
"000583","5C4D37E9"
"000584","ADA83B7E"
"000585","FE2877F7"
"000586","FD24FE77"
"000587","E6545E00"
"000588","F71CAFFB"
"000589","3343283D"
"000590","CA0692B6"
"000591","C55050C5"
"000592","A450DBA6"
"000593","5696103F"
"000594","74425A65"
"000595","EEA66859"
"000596","F826746C"
"000597","2C512F2F"
"000598","302A28F4"
"000599","C40ED005"
"000600","63860FCF"
"000601","1B2E9121"
"000602","696D2664"
"000603","F752ED3E"
"000604","4F66EE44"
"000605","70A3279F"
"000606","A4A8CC05"
"000607","91B283F6"
"000608","79DAC1F1"
"000609","B97F983C"
"000610","D2628CC2"
"000611","35E504F7"
"000612","B681D35E"
"000613","D3EC5C2A"
"000614","A9B48BB0"
"000615","D8F859AF"
"000616","66F7DD1F"
"000617","EDB89380"
"000618","BBE3B897"
"000619","911A95B7"
"000620","CD7605EA"
"000621","E57EECA0"
"000622","8E81BB5D"
"000623","79A7EA76"
"000624","F3125303"
"000625","1E2FFC82"
"000626","B7A9098C"
"000627","49A23D7D"
"000628","DBB0F75A"
"000629","831D6AE6"
"000630","D74D8454"
"000631","1503C3E1"
"000632","DBE7DD63"
"000633","6EAD5308"
"000634","898806C5"
"000635","3A29FD82"
"000636","48C0CB47"
"000637","FF6933E4"
"000638","C02F38B9"
"000639","72E27566"
"000640","D6728217"
"000641","B627D8A0"
"000642","35FC1203"
"000643","246EA52E"
"000644","71D539D7"
"000645","8C9D8C99"
"000646","E2E465CA"
"000647","FB205A04"
"000648","F082D576"
"000649","FDAA0B5A"
"000650","A041DA14"
"000651","3CFBFE15"
"000652","6D3F3491"
"000653","58477ACE"
"000654","33C7A8F2"
"000655","EB1A23A4"
"000656","1970FD9E"
"000657","CB09E078"
"000658","22358E6B"
"000659","E34DB4CF"
"000660","B91F46CC"
"000661","80AA62B9"
"000662","462240AA"
"000663","8AE02540"
"000664","45147528"
"000665","F625C13B"
"000666","A423D227"
"000667","40010686"
"000668","FE72BB0E"
"000669","E8815FC6"
"000670","F408609B"
"000671","D1D25F8E"
"000672","F8328E4B"
"000673","4356428E"
"000674","66BD6E30"
"000675","FEC72960"
"000676","CDAF7C48"
"000677","99CD601C"
"000678","D1F044B2"
"000679","26554AAA"
"000680","4993B672"
"000681","B9C4A2F3"
"000682","9D5DC570"
"000683","15C87A0B"
"000684","461EBA8C"
"000685","E4600121"
"000686","223402F5"
"000687","404F6168"
"000688","CEEF781D"
"000689","4856041D"
"000690","B2D40703"
"000691","782864B9"
"000692","A5264C5A"
"000693","C0D32799"
"000694","78AE2053"
"000695","A21F6C8E"
"000696","68DF3E82"
"000697","47DB66B5"
"000698","6EDF20FE"
"000699","5D5A1155"
"000700","46B0D26F"
"000701","6C9D5E5F"
"000702","2AA0E219"
"000703","B7BB8D6D"
"000704","9D07D917"
"000705","55366474"
"000706","3E8C752B"
"000707","62F5CDCE"
"000708","9BE49AC2"
"000709","5FF2EDC9"
"000710","D318613F"
"000711","C7A90980"
"000712","B9A9BD71"
"000713","1A22ABAB"
"000714","7DA9491E"
"000715","9ABF3986"
"000716","495943D7"
"000717","CA23B8C4"
"000718","1FF75E12"
"000719","9D7CD4E6"
"000720","99C80AEB"
"000721","A7543ACA"
"000722","DB76FC3B"
"000723","228C2FCA"
"000724","D9FC1ED3"
"000725","6D25D71F"
"000726","B7DED2C7"
"000727","B194DD64"
"000728","6D164D71"
"000729","1E9A5A05"
"000730","40D1F885"
"000731","DFBC73F2"
"000732","CFD3533E"
"000733","7CFCF0E3"
"000734","95204702"
"000735","7DBA15AE"
"000736","32DD015A"
"000737","37B75798"
"000738","A9FB665D"
"000739","53F21AEE"
"000740","17CFC1D1"
"000741","A3AE5919"
"000742","BDEAE087"
"000743","2A5B4070"
"000744","E304D46A"
"000745","169D021E"
"000746","D235A00C"
"000747","ECBAB7AA"
"000748","91DDA7A5"
"000749","C671E8AA"
"000750","DDE33A39"
"000751","BC107AE9"
"000752","1C78AB1B"
"000753","15BDE3F0"
"000754","7B63640E"
"000755","9BD94443"
"000756","CA640052"
"000757","D4CF99B7"
"000758","6155F35F"
"000759","F51787B0"
"000760","BC0E6247"
"000761","E3233DB3"
"000762","B7D9C87E"
"000763","11E0CF9F"
"000764","1E62AAA6"
"000765","8659E29B"
"000766","6E3504F7"
"000767","9A78DB6F"
"000768","5B2651C9"
"000769","6AF7C1C5"
"000770","D894ED01"
"000771","50CFE571"
"000772","8F5F498B"
"000773","37B4D094"
"000774","730FD3A1"
"000775","5885656C"
"000776","4131916D"
"000777","A6370F05"
"000778","5DFF704D"
"000779","285CBBF3"
"000780","6850E8A4"
"000781","9399E2BE"
"000782","2036030B"
"000783","EE5D1C39"
"000784","5F4EF981"
"000785","1031EB9A"
"000786","757CA002"
"000787","99A21CD4"
"000788","50BA5F3A"
"000789","D088A55A"
"000790","FB350868"
"000791","C42E47B9"
"000792","992EE7A0"
"000793","419740A8"
"000794","B9E56DA7"
"000795","DBDD1188"
"000796","772371AC"
"000797","37D40C75"
"000798","18E07E62"
"000799","ABDD8DB3"
"000800","BA6DC177"
"000801","1BB1D4AB"
"000802","49282179"
"000803","F7EB4D6F"
"000804","8820B61D"
"000805","66BC9055"
"000806","A615376D"
"000807","67C6BA7B"
"000808","239535CE"
"000809","DA8AC6BA"
"000810","4D3ACC75"
"000811","DC3A59B6"
"000812","531A36EB"
"000813","5647055C"
"000814","636710D9"
"000815","DF464DC8"
"000816","55F442C4"
"000817","A0A0C92A"
"000818","A2907D57"
"000819","16D77F5F"
"000820","2A00D598"
"000821","D2803A75"
"000822","13E98589"
"000823","D4BBC53B"
"000824","A17DF66D"
"000825","6AE41D83"
"000826","624130C0"
"000827","BF507303"
"000828","45226DC1"
"000829","95DD527C"
"000830","FB430194"
"000831","9CB4A722"
"000832","E3DEF28A"
"000833","77A74DD0"
"000834","22148678"
"000835","6614BF40"
"000836","904CB7E6"
"000837","3968DE82"
"000838","233AF563"
"000839","41F04D1C"
"000840","33F9AFA5"
"000841","2734A9F8"
"000842","389F3391"
"000843","8B07F06B"
"000844","A26EED50"
"000845","666CBA7B"
"000846","CCF2A799"
"000847","5DEC70B5"
"000848","40F97FFC"
"000849","88B88072"
"000850","CFA335F3"
"000851","18F47E86"
"000852","CCEA29FA"
"000853","A248A6F4"
"000854","5DF8C953"
"000855","19AA740A"
"000856","D82C5229"
"000857","92301A6F"
"000858","6AE2C618"
"000859","CF8F79A3"
"000860","BBC08FFF"
"000861","9925A47F"
"000862","D567C83C"
"000863","265D6EBE"
"000864","90D334C0"
"000865","BE0D7735"
"000866","15960BD3"
"000867","31BCF3B5"
"000868","CBD32B69"
"000869","68360F12"
"000870","D13EE217"
"000871","E9B0F7D9"
"000872","D91998D8"
"000873","D53FC5F6"
"000874","F4B38F8E"
"000875","49C52B8F"
"000876","385E933D"
"000877","64327852"
"000878","9825F780"
"000879","6558B1A4"
"000880","9B63557D"
"000881","7850A102"
"000882","183B6F48"
"000883","D12A7939"
"000884","8CE64E7E"
"000885","24C3434D"
"000886","47CC1F4B"
"000887","5D98943A"
"000888","CF216A70"
"000889","E6460AE8"
"000890","E1B54E8B"
"000891","D5CFF724"
"000892","84BEF64E"
"000893","9986FEB6"
"000894","9410F883"
"000895","6E75F788"
"000896","145D81E7"
"000897","2BF9263A"
"000898","32110D71"
"000899","6220EEF1"
"000900","9D671898"
"000901","F96580E2"
"000902","BF28BED3"
"000903","4B416064"
"000904","352C3718"
"000905","6291B2B3"
"000906","1D1A37AB"
"000907","79E90258"
"000908","3CDEDBFF"
"000909","68DFC158"
"000910","DEEB1C90"
"000911","A0290A0C"
"000912","54361482"
"000913","DFD646EE"
"000914","3CAE3AAB"
"000915","E98D1922"
"000916","892E61C2"
"000917","600C7533"
"000918","BF7CBE0B"
"000919","C9843177"
"000920","FB875AD2"
"000921","37014D5D"
"000922","19E5567C"
"000923","51550870"
"000924","FA4AE991"
"000925","54F169CA"
"000926","1F83A461"
"000927","4087202D"
"000928","1AD681AC"
"000929","24CABCA1"
"000930","1E5E523F"
"000931","4276013A"
"000932","6B8AB414"
"000933","FAE99F3D"
"000934","8E163878"
"000935","890FF892"
"000936","C0717BBD"
"000937","FD5694D0"
"000938","FBDCED98"
"000939","7F8DB8DA"
"000940","8DD7A6DB"
"000941","93C82325"
"000942","FE951EDA"
"000943","E83C3E41"
"000944","E401B99C"
"000945","EEB81949"
"000946","C46B15BF"
"000947","CE3E551F"
"000948","77D0AD9D"
"000949","FB67AD6D"
"000950","F29FC8FB"
"000951","277723C5"
"000952","8656EB9F"
"000953","66B9CBE2"
"000954","692CD67B"
"000955","A39B1781"
"000956","5D09DEEF"
"000957","F256F985"
"000958","F653C9B0"
"000959","F3B09424"
"000960","B568866E"
"000961","F69A2803"
"000962","72170E0E"
"000963","6115C75C"
"000964","D19B5E1B"
"000965","5851E0EC"
"000966","B706E848"
"000967","846CFE37"
"000968","2FBE0582"
"000969","7B6D1DA0"
"000970","1CB8E07B"
"000971","939CDDC3"
"000972","2B2EFF2D"
"000973","D3373870"
"000974","D8ABF226"
"000975","325DDF5D"
"000976","4E6DED8D"
"000977","9DD24C6D"
"000978","EC47EA73"
"000979","929A6F8B"
"000980","4CBCA8DF"
"000981","CB2B69BA"
"000982","DA124F06"
"000983","51330F2E"
"000984","F8E3906A"
"000985","C7AFFDF1"
"000986","111F32CF"
"000987","E883D925"
"000988","762577F9"
"000989","B097CDA7"
"000990","9430533E"
"000991","4C54C9DE"
"000992","A19B8ED6"
"000993","BAA2E27D"
"000994","89E0E0A5"
"000995","1AAA29AF"
"000996","2CDDA2F4"
"000997","FCB6C96D"
"000998","ECA85359"
"000999","D2367B53"
"001000","67071D74"
"001001","6DD2899C"
"001002","6C6AAAE0"
"001003","11FB4CCA"
"001004","AED51C25"
"001005","E95CA71F"
"001006","7FB8770C"
"001007","65F24A58"
"001008","7FC6053C"
"001009","25DA9F66"
"001010","E0CD0DAA"
"001011","E263F684"
"001012","3CCEF535"
"001013","78AD3288"
"001014","41C54B3F"
"001015","7ADD63B4"
"001016","C56768F3"
"001017","3578E5F1"
"001018","64753C7D"
"001019","9A824F37"
"001020","555781BB"
"001021","316E1349"
"001022","34AF166D"
"001023","A9C5043E"
"001024","8CE1460D"
"001025","11AFF0D5"
"001026","57B9D524"
"001027","11595C63"
"001028","D5893AB1"
"001029","B0A5E819"
"001030","A921EA90"
"001031","7B8445D0"
"001032","B7EEB984"
"001033","600EA0CC"
"001034","33FA52D3"
"001035","B3B52D37"
"001036","A0D06142"
"001037","AD382171"
"001038","201078D7"
"001039","20A2A82A"
"001040","D6850182"
"001041","A1CC5DEA"
"001042","64814171"
"001043","6EEFC521"
"001044","FCDD6187"
"001045","B62D9D73"
"001046","DC89A46D"
"001047","29AB5CE0"
"001048","5B8F40F8"
"001049","5A6A121E"
"001050","F8592FBF"
"001051","92C6C6F3"
"001052","9AF5F5B3"
"001053","805A0210"
"001054","A218D519"
"001055","8FED5288"
"001056","F421029F"
"001057","8C87E5A4"
"001058","8F446394"
"001059","2FF1E009"
"001060","93D509F7"
"001061","540DD79B"
"001062","E7E10AE4"
"001063","8A53FFC8"
"001064","BC4F7BAA"
"001065","C39FB8DE"
"001066","20074B70"
"001067","A529F299"
"001068","57495D74"
"001069","87856595"
"001070","24A2B023"
"001071","E608ED7D"
"001072","58E18EFF"
"001073","3D545FF7"
"001074","8235B350"
"001075","28510140"
"001076","7CC2E778"
"001077","AEC44BCA"
"001078","23DC2E08"
"001079","868E02C3"
"001080","E9069085"
"001081","C1059DBC"
"001082","B1B2B566"
"001083","856AD9F1"
"001084","7DFEF93C"
"001085","658DDDEB"
"001086","20353DE4"
"001087","7D008FA1"
"001088","3F43C74E"
"001089","8058DDF3"
"001090","3E136F39"
"001091","B916814B"
"001092","410320AF"
"001093","142A3F90"
"001094","7B64FD77"
"001095","523516F0"
"001096","9CC8B18D"
"001097","7766B1B0"
"001098","3414733B"
"001099","18385C56"
"001100","8296CC6D"
"001101","4BA83D8B"
"001102","A7C2C11C"
"001103","6B5BDBA1"
"001104","265A06BE"
"001105","EF3D0917"
"001106","CB51FC84"
"001107","32851D8E"
"001108","3E6BAE26"
"001109","724BEA1E"
"001110","73B1A732"
"001111","4CDE29DB"
"001112","86037B6F"
"001113","B1662F0B"
"001114","EE72E1AF"
"001115","799D6D7D"
"001116","AE24DD79"
"001117","84D9F7AB"
"001118","1316EABA"
"001119","8B246219"
"001120","98C042FD"
"001121","772483CC"
"001122","3FF6474B"
"001123","C26A582A"
"001124","646CBBA2"
"001125","8D6FD326"
"001126","1F0AF783"
"001127","84F4C570"
"001128","A34A54EE"
"001129","2B12F83A"
"001130","B9D4142F"
"001131","826A75CB"
"001132","F5499566"
"001133","2C987FCA"
"001134","2FF53B2F"
"001135","2F1AFF6A"
"001136","85406D32"
"001137","6FDA4911"
"001138","922022C1"
"001139","D69FD827"
"001140","A8E1074E"
"001141","CD4E326F"
"001142","9242BA2D"
"001143","65087127"
"001144","EDD2D10B"
"001145","5AAAF911"
"001146","7AE03507"
"001147","9DCEB2FF"
"001148","D1DA1FCB"
"001149","3898AAE2"
"001150","91E76178"
"001151","2E1D3D30"
"001152","E126D0B3"
"001153","6C2C0C99"
"001154","5F44A801"
"001155","ABBCC8FD"
"001156","DC8E4292"
"001157","697850FD"
"001158","34DA199C"
"001159","E34A10F4"
"001160","19A10BE7"
"001161","5E8E8550"
"001162","9C73E572"
"001163","572196B0"
"001164","9838CB9F"
"001165","FDCE0E4C"
"001166","48BB9AE8"
"001167","2CBAB190"
"001168","FC467371"
"001169","5B759B83"
"001170","6018979C"
"001171","DFF73B94"
"001172","57557171"
"001173","8CEFE905"
"001174","93D7FEB4"
"001175","4B39453D"
"001176","63640D6B"
"001177","5863BA26"
"001178","22E29CAA"
"001179","67DC27EB"
"001180","105D6967"
"001181","489A6042"
"001182","E5B3142F"
"001183","FCFA5F96"
"001184","2EAD76F3"
"001185","145C3A72"
"001186","712AB896"
"001187","22358500"
"001188","C4134A2F"
"001189","C8EE852B"
"001190","9F4F7161"
"001191","F981CB67"
"001192","2402280E"
"001193","8D69DD65"
"001194","AFE90932"
"001195","5DC261EF"
"001196","6A8DADFB"
"001197","F02CD74F"
"001198","F760481D"
"001199","5C5016D7"
"001200","A8097654"
"001201","80BA07C7"
"001202","D82E38B7"
"001203","E54F9EEC"
"001204","54309686"
"001205","8EDCDFE7"
"001206","6A95F7B7"
"001207","5208DDC0"
"001208","E1D55880"
"001209","83FCBD61"
"001210","EF4F7039"
"001211","C13C9591"
"001212","A7C58FA6"
"001213","3D118B56"
"001214","443560FC"
"001215","57C1D452"
"001216","98BBE850"
"001217","52B95A92"
"001218","BDF50C6D"
"001219","1F8087E6"
"001220","72E29291"
"001221","897A45F6"
"001222","D729F774"
"001223","282A92D4"
"001224","4797A709"
"001225","7648110E"
"001226","A43C0E00"
"001227","D3E0C74E"
"001228","2DCFA849"
"001229","FAF0D502"
"001230","2BC296C2"
"001231","8E3D20C5"
"001232","AC9E7E9C"
"001233","EB20220E"
"001234","E51A4F49"
"001235","3E07A36E"
"001236","201B4D0C"
"001237","8D33F396"
"001238","9249142D"
"001239","61273EB4"
"001240","88FF860C"
"001241","E22AD8CC"
"001242","BF35750B"
"001243","CF2C11A2"
"001244","7F0D93FB"
"001245","9D7EAD03"
"001246","A6A491B2"
"001247","491C7251"
"001248","DF77844F"
"001249","38CB46C5"
"001250","C55CA358"
"001251","74FA19F1"
"001252","EB2A0816"
"001253","37AC76E4"
"001254","3D36910D"
"001255","B8C0D152"
"001256","CD0C32C1"
"001257","AE4ABD59"
"001258","E4D4EEDC"
"001259","AB6C0267"
"001260","EDF0519C"
"001261","309A0DA7"
"001262","ED22C74A"
"001263","82DC8BD1"
"001264","531E40AF"
"001265","695A097F"
"001266","D3A8915A"
"001267","C3443881"
"001268","850B97C9"
"001269","D6730DF1"
"001270","2831AF41"
"001271","D00837F9"
"001272","5602159B"
"001273","EC576FA4"
"001274","7D28DB6B"
"001275","96D7FD30"
"001276","F420A371"
"001277","BB9C50EC"
"001278","7C7DDC86"
"001279","B401DCB8"
"001280","9F4F54CF"
"001281","D30964B4"
"001282","1ED2E8BC"
"001283","62DAD039"
"001284","B26AC32D"
"001285","9CEB076F"
"001286","881C0F3D"
"001287","DE5ABC8B"
"001288","AF1720ED"
"001289","A07E0A53"
"001290","F3C711B0"
"001291","C4DA9A19"
"001292","45576D76"
"001293","AFD89320"
"001294","F2EE0543"
"001295","3E2DE127"
"001296","E3311DC9"
"001297","EFBF6A69"
"001298","F9031FFE"
"001299","7D1C97C3"
"001300","1550A430"
"001301","81632346"
"001302","DED00FDC"
"001303","AC8F65C6"
"001304","C7CF333E"
"001305","F60C706A"
"001306","408F3FAB"
"001307","1D8B05CB"
"001308","D5E61771"
"001309","7A4B0F92"
"001310","CA5163D7"
"001311","3D64821E"
"001312","10881199"
"001313","C146A600"
"001314","85CDB42B"
"001315","5B638ADE"
"001316","668507E4"
"001317","995CF23E"
"001318","EE272F33"
"001319","22545677"
"001320","750873D4"
"001321","8944AD60"
"001322","D11D498F"
"001323","D556622E"
"001324","FCEEEB29"
"001325","A07883B2"
"001326","498A693E"
"001327","9781756A"
"001328","589B226B"
"001329","F6B97C07"
"001330","94FE88EC"
"001331","ABC6487B"
"001332","569ECD42"
"001333","8D043592"
"001334","DDB068F5"
"001335","EDBC2F19"
"001336","9FB7B67B"
"001337","FE6055DF"
"001338","5AEBAA91"
"001339","A4D9254B"
"001340","EA4D7523"
"001341","707D8CC5"
"001342","448E3551"
"001343","41DD9DAA"
"001344","F2C81CC4"
"001345","7B1D88A4"
"001346","A2134925"
"001347","42097629"
"001348","FEC446C5"
"001349","D9D63EC4"
"001350","1B169966"
"001351","5CFB6D02"
"001352","9954D8CC"
"001353","DDC3E6EB"
"001354","BE25D498"
"001355","48E879FF"
"001356","382EE583"
"001357","8C4E0969"
"001358","C322F70C"
"001359","452469A3"
"001360","84C807B0"
"001361","552F0213"
"001362","B065C5C8"
"001363","DCC11C77"
"001364","D91B98EC"
"001365","AC795139"
"001366","1D36D9E5"
"001367","6255C921"
"001368","8DF72366"
"001369","AD62265E"
"001370","C12A90A5"
"001371","82CBA081"
"001372","405A6E4E"
"001373","682478F9"
"001374","F64E4B04"
"001375","975935F5"
"001376","34A38530"
"001377","405C15FF"
"001378","6C065757"
"001379","B6A20A7E"
"001380","68EB1BD0"
"001381","49C40058"
"001382","41E6E35F"
"001383","5A3B9A32"
"001384","2C21A9D1"
"001385","FF4F8375"
"001386","4CBE5DA4"
"001387","50A54D06"
"001388","6D29A428"
"001389","94215AFE"
"001390","F4739E61"
"001391","A40CAADE"
"001392","5C573214"
"001393","A6F04C19"
"001394","A7463C32"
"001395","CC033269"
"001396","2A69B99E"
"001397","FEF48FE8"
"001398","5E6B6D71"
"001399","4B9732F8"
"001400","8A3FA9A7"
"001401","7D8574F1"
"001402","B0EDD247"
"001403","960D08FA"
"001404","3E30DFB4"
"001405","E91A9048"
"001406","14228B56"
"001407","3AC21E0A"
"001408","B72805D7"
"001409","256FE3CA"
"001410","2CF1FA3E"
"001411","DC8F0C69"
"001412","B23F4FAB"
"001413","4118559F"
"001414","2A9E8E0E"
"001415","1A4A43B0"
"001416","61D0EC5B"
"001417","FAD5DB80"
"001418","7A9FFB34"
"001419","8CD8925A"
"001420","E8979AAA"
"001421","B09ABA2D"
"001422","CD953B86"
"001423","6B84F1C9"
"001424","C0A7B2E3"
"001425","4F2335F8"
"001426","8F3BBDA6"
"001427","A124F4CC"
"001428","C4B50D64"
"001429","43A316D9"
"001430","AEC61AF5"
"001431","C3DB38B8"
"001432","38462501"
"001433","510E5FDD"
"001434","71D8BC40"
"001435","96153C43"
"001436","7B20D2BB"
"001437","50109AF5"
"001438","CADEC7E0"
"001439","19ADF519"
"001440","BD69059C"
"001441","5BD213BD"
"001442","AB55B946"
"001443","1DEA8C7C"
"001444","6C95D648"
"001445","7E366A17"
"001446","AC1A06C5"
"001447","9E529BBE"
"001448","DD8D525E"
"001449","B44BD443"
"001450","68AB2F9A"
"001451","A3314E10"
"001452","CDE367E5"
"001453","3F2E756A"
"001454","CEC996ED"
"001455","ECD8C3D8"
"001456","25644670"
"001457","F6AF2792"
"001458","19BC8736"
"001459","788D19CB"
"001460","29BE9EF0"
"001461","D99916FE"
"001462","A7FAC509"
"001463","31487298"
"001464","784E1D68"
"001465","237D928B"
"001466","82DC06D2"
"001467","4F5563F0"
"001468","75B27CDA"
"001469","91796D0A"
"001470","CA65BEAB"
"001471","780925F6"
"001472","780B972A"
"001473","C6735372"
"001474","C3318803"
"001475","2AB2E737"
"001476","6F5ED030"
"001477","FBDE7528"
"001478","11D7A621"
"001479","3121A029"
"001480","E7D639F6"
"001481","3E18DDD6"
"001482","DE33E9E2"
"001483","30EDCEF5"
"001484","7335D713"
"001485","9B08E65A"
"001486","89476422"
"001487","4F00715F"
"001488","C20F559E"
"001489","36A913FF"
"001490","82654363"
"001491","289CA3E1"
"001492","F9E8A455"
"001493","DBBDCD80"
"001494","2BC53AD3"
"001495","947D43E6"
"001496","83B5C6B2"
"001497","F6FC42C6"
"001498","1381D717"
"001499","2B63F537"
"001500","95B23F85"
"001501","1875E6B2"
"001502","BC751A18"
"001503","71C2E797"
"001504","5CD27924"
"001505","CA27DCDD"
"001506","DA51C671"
"001507","A3F6C451"
"001508","74B18986"
"001509","4319B9B1"
"001510","FDC3B161"
"001511","4BD21AAD"
"001512","E10BACA3"
"001513","6C82F566"
"001514","884D8404"
"001515","D907B0C0"
"001516","2981E039"
"001517","71FA73E0"
"001518","2C06435B"
"001519","364D1783"
"001520","EF8EF528"
"001521","6EBF7B79"
"001522","294506AB"
"001523","32DAE1A5"
"001524","A7427FF1"
"001525","88B78392"
"001526","4BB537B6"
"001527","E33BDD16"
"001528","E5820056"
"001529","5DC833B4"
"001530","6939BD03"
"001531","1528B152"
"001532","9A3CA773"
"001533","F1C0F3FE"
"001534","C7717025"
"001535","88793C78"
"001536","AA2A16D3"
"001537","4A137525"
"001538","F09B3FA5"
"001539","A3011916"
"001540","A2587A7D"
"001541","892686D9"
"001542","A60459A6"
"001543","7678A1A5"
"001544","2FFA603E"
"001545","D51AA348"
"001546","E516C4D4"
"001547","1E5FDADE"
"001548","3090A5D3"
"001549","B5638F47"
"001550","6C8AC089"
"001551","78149EF2"
"001552","E1B8E619"
"001553","F7A6690B"
"001554","B9295367"
"001555","21216D25"
"001556","2494BFFD"
"001557","76D78ED0"
"001558","ACFA6269"
"001559","EF163A22"
"001560","1EEA5664"
"001561","6F9FB3E4"
"001562","10A4B55B"
"001563","7908A5EB"
"001564","23CA6E50"
"001565","429B8D99"
"001566","1D3242AA"
"001567","BD24F42A"
"001568","36B48658"
"001569","E0156E60"
"001570","CC572B1B"
"001571","7C85253F"
"001572","7EDD481D"
"001573","D96437BF"
"001574","FEC5BBC9"
"001575","E4CF9674"
"001576","1C67B690"
"001577","DA26FC97"
"001578","2B05DECD"
"001579","79EA8067"
"001580","E70D777B"
"001581","6720B764"
"001582","CBB253DB"
"001583","9A5DBD3B"
"001584","2CDE94F7"
"001585","E183750D"
"001586","69EA16AD"
"001587","DEC82D31"
"001588","A06D1E69"
"001589","F4064F90"
"001590","E8304E34"
"001591","D81A229E"
"001592","E7E50075"
"001593","FB2D9DD2"
"001594","9AE12885"
"001595","B1122C6E"
"001596","6A3C7973"
"001597","BBB8B6FF"
"001598","85CDFFE8"
"001599","C5C5A8EE"
"001600","2CD58AE0"
"001601","C134A654"
"001602","627F2CB1"
"001603","EFCA75A3"
"001604","F294C1CE"
"001605","CB3F33E9"
"001606","6005E0E0"
"001607","9EE3273F"
"001608","559DBD73"
"001609","F211A160"
"001610","8C34707C"
"001611","DCDB2121"
"001612","6691D06A"
"001613","22767654"
"001614","E67F6162"
"001615","9F8BF2B0"
"001616","37591B0D"
"001617","FE59C2FB"
"001618","9EB5AA33"
"001619","BDD15422"
"001620","7C2A8269"
"001621","B1AF33AE"
"001622","452A7A19"
"001623","BB7D2A50"
"001624","BBB2E286"
"001625","737558E8"
"001626","66D6EB78"
"001627","7D28EA99"
"001628","8EE7DA3D"
"001629","A82980FA"
"001630","C66601BB"
"001631","7F0DC21B"
"001632","823E936D"
"001633","2E0B85F2"
"001634","7B09537E"
"001635","B1D8E296"
"001636","E4AAE416"
"001637","B41CEE2B"
"001638","6760BE33"
"001639","95BD4E2D"
"001640","64F72EC7"
"001641","6AD2BE9F"
"001642","B5AB8456"
"001643","9ED088AA"
"001644","CBB1581C"
"001645","40FD6225"
"001646","22E538FF"
"001647","2E0B8C94"
"001648","57153C8A"
"001649","8876025F"
"001650","905CD3A5"
"001651","28156057"
"001652","EF08FD9D"
"001653","5CACB413"
"001654","82C05109"
"001655","9E48B19D"
"001656","716B8C77"
"001657","D93ED6D0"
"001658","D6833E66"
"001659","C731D133"
"001660","BAA1CDDE"
"001661","28490744"
"001662","A3F28E45"
"001663","9A0E72CA"
"001664","6B7ABA1C"
"001665","8F3403C1"
"001666","C1341BCE"
"001667","C4A490A2"
"001668","A42ED775"
"001669","3547E620"
"001670","E5DC34B6"
"001671","6411D0AA"
"001672","6C6B7038"
"001673","195D0D3F"
"001674","BAAF917F"
"001675","D800CDF0"
"001676","AA05E1A5"
"001677","2B8E1D0F"
"001678","68941715"
"001679","C3FDA357"
"001680","BB1F6A5E"
"001681","94DA6EEB"
"001682","A39EC48D"
"001683","EC6F1C42"
"001684","A52DCE37"
"001685","D13455C1"
"001686","6A992A20"
"001687","9405E462"
"001688","E08939E0"
"001689","B08296EE"
"001690","9044CD93"
"001691","E33F1DE5"
"001692","C7CBBD61"
"001693","28A8722E"
"001694","720ED77C"
"001695","B5E3B946"
"001696","EB7AC650"
"001697","FDB3A0DD"
"001698","DFD26CAE"
"001699","9A39F029"
"001700","DD1EF06C"
"001701","C5DBA677"
"001702","A9B41119"
"001703","EAEA4153"
"001704","411A934C"
"001705","9509D15D"
"001706","AC0C79A2"
"001707","57655497"
"001708","DC3B6CB1"
"001709","B72D550A"
"001710","A5C52331"
"001711","A6E41C6A"
"001712","E12FC1A4"
"001713","41AAD016"
"001714","5B751A02"
"001715","27E79E11"
"001716","EAB35F12"
"001717","9AC2AA79"
"001718","F0F8483A"
"001719","3169BA07"
"001720","B174D260"
"001721","61D5A395"
"001722","4C27B274"
"001723","BBBC5A51"
"001724","185F3E3E"
"001725","A4FAF603"
"001726","DDC4FBEE"
"001727","85606124"
"001728","1F212AB4"
"001729","A7676B46"
"001730","E997994D"
"001731","13E9BD50"
"001732","D974AEB0"
"001733","F8B0C618"
"001734","64260CC9"
"001735","9A51FD7E"
"001736","A1D95678"
"001737","AF04DC3A"
"001738","5B618BB7"
"001739","44E6CC16"
"001740","401C2443"
"001741","2DF7C49E"
"001742","F00671C2"
"001743","5F4DA8D2"
"001744","27360AD0"
"001745","A0987A07"
"001746","475FDE12"
"001747","5AE24893"
"001748","C2B545F6"
"001749","40074EA7"
"001750","4088DACC"
"001751","1B00F744"
"001752","FA11EA3E"
"001753","57D59383"
"001754","5D31706A"
"001755","699A5BAD"
"001756","77FA120A"
"001757","1701D279"
"001758","245A04CE"
"001759","40BA012B"
"001760","F4CE061B"
"001761","7F6FFCA2"
"001762","1D6361F6"
"001763","CD750072"
"001764","BE30BEC1"
"001765","6E48E95D"
"001766","2B3DCCF2"
"001767","66022F44"
"001768","E9BD22F7"
"001769","D5B88A39"
"001770","4A6D8230"
"001771","8F892FD3"
"001772","1E9C5F58"
"001773","E40E31AC"
"001774","510702A9"
"001775","F081C4FF"
"001776","78E5BB11"
"001777","6D4E4C27"
"001778","6DB1862A"
"001779","FA48CA0A"
"001780","AA5C45AE"
"001781","3AD0EC05"
"001782","4229FC69"
"001783","FFDC2B08"
"001784","B64AC0FF"
"001785","4894898D"
"001786","56ACF910"
"001787","F87B435D"
"001788","C9EA25C3"
"001789","C1785487"
"001790","E619E8B6"
"001791","6334FBE4"
"001792","5FEB2302"
"001793","7A9D7A8A"
"001794","968DF207"
"001795","24390EA0"
"001796","4466F933"
"001797","42BABE2C"
"001798","F7A0E1F9"
"001799","860DCCC6"
"001800","BEA80EE3"
"001801","2439C3F8"
"001802","F65A8405"
"001803","5797C712"
"001804","5FE6A1A4"
"001805","18816E92"
"001806","6F62C220"
"001807","6C2CBA17"
"001808","C941F2B1"
"001809","6FDCB1E8"
"001810","D1DAF3B2"
"001811","8CB71CB9"
"001812","F7EA4BBA"
"001813","1BF9379F"
"001814","40BAB46C"
"001815","F03BB240"
"001816","EC9C425C"
"001817","9B05341A"
"001818","CD76A859"
"001819","B6DE7EED"
"001820","633992C9"
"001821","26FFD3DC"
"001822","55238994"
"001823","B4D08076"
"001824","5877F8D1"
"001825","C7DB969E"
"001826","E933E090"
"001827","7A5B87A0"
"001828","7E4A6209"
"001829","E79E0096"
"001830","BE5AC9AA"
"001831","438D9786"
"001832","1BD4DBE7"
"001833","3DB3FE11"
"001834","7F0A2334"
"001835","74D12530"
"001836","AB679AB2"
"001837","C23E5915"
"001838","136E8814"
"001839","220B9CF2"
"001840","38297F0D"
"001841","9B25A39A"
"001842","56B77433"
"001843","E3A78777"
"001844","75C6736F"
"001845","BB50F27C"
"001846","28E5F5D9"
"001847","703BB464"
"001848","9EA2065E"
"001849","4866CE19"
"001850","A5484721"
"001851","324CC7DB"
"001852","C0BA9E47"
"001853","8D0BB492"
"001854","5034B530"
"001855","7FF289E5"
"001856","5695A999"
"001857","749D8E33"
"001858","4A823174"
"001859","E5F65868"
"001860","383929C9"
"001861","39F7774E"
"001862","26A8EC78"
"001863","D14C1DB0"
"001864","8862F7CE"
"001865","F4D53964"
"001866","FA615E66"
"001867","98932A28"
"001868","D3DA251B"
"001869","18F9DC1A"
"001870","38041845"
"001871","BB984E97"
"001872","83E2D85F"
"001873","3748A43B"
"001874","8CD8C193"
"001875","509E9C3E"
"001876","D989025F"
"001877","138BE9DE"
"001878","44EE9FBA"
"001879","4680253F"
"001880","75A250D0"
"001881","99B11DE8"
"001882","3A0509C3"
"001883","DF8423A7"
"001884","E913B9D3"
"001885","EACD671E"
"001886","D9762647"
"001887","E313DF1F"
"001888","5A1304D8"
"001889","FD4A2BB6"
"001890","25025485"
"001891","5C43B8C7"
"001892","15C8ACB4"
"001893","4424F557"
"001894","FBC69FC4"
"001895","E071B94E"
"001896","E9E27C42"
"001897","DF3A027D"
"001898","F394A07E"
"001899","6C07010A"
"001900","8F5348CD"
"001901","DA1CED45"
"001902","E74E235B"
"001903","73B57C0D"
"001904","46A823D2"
"001905","280EC3D7"
"001906","5CD300FD"
"001907","36573991"
"001908","37076AE5"
"001909","9A2CF6D9"
"001910","447B7CD7"
"001911","76E0C51C"
"001912","1B1A10FF"
"001913","B10076A7"
"001914","150590DE"
"001915","3EA3E348"
"001916","8ACB823F"
"001917","5420674F"
"001918","5947825F"
"001919","CE6C1310"
"001920","6DF884E0"
"001921","B9A7C45C"
"001922","48E624E3"
"001923","28CA2DBF"
"001924","5AD172C9"
"001925","2BC95A95"
"001926","2AB924E8"
"001927","E130900D"
"001928","22E02F44"
"001929","F4D97238"
"001930","5673BF8A"
"001931","EA4D211A"
"001932","5B4E38BC"
"001933","49B08E97"
"001934","339444C9"
"001935","1A5A9E00"
"001936","B0333220"
"001937","BF569DF0"
"001938","4D88C425"
"001939","95EE89DE"
"001940","BF604BB6"
"001941","E371FE79"
"001942","606344A4"
"001943","69151F65"
"001944","7D48E32A"
"001945","CF01B6BE"
"001946","CE63E88D"
"001947","5B58A487"
"001948","8654C14C"
"001949","B0763D8A"
"001950","CD0B5B74"
"001951","BD9D844F"
"001952","6814508C"
"001953","C54839DD"
"001954","F853EA10"
"001955","1088874C"
"001956","D07B3088"
"001957","9BB8919C"
"001958","DC1BA84C"
"001959","EF709434"
"001960","DD7182FE"
"001961","EB712D42"
"001962","E6B5FE8C"
"001963","56A94DC7"
"001964","BCB8545C"
"001965","FF49CEBD"
"001966","EC070536"
"001967","D43FF96B"
"001968","3B498020"
"001969","BB805A14"
"001970","76770887"
"001971","881003D4"
"001972","CC076ECA"
"001973","A23FF29E"
"001974","DA7899EC"
"001975","3B608C93"
"001976","AFBD0F34"
"001977","345E489D"
"001978","5A478A33"
"001979","990850D9"
"001980","E41A6C55"
"001981","4DC27DE8"
"001982","11F32F91"
"001983","1D615E09"
"001984","D4863AE4"
"001985","D3F4F9E7"
"001986","7FB257EB"
"001987","5121E22A"
"001988","E648C65D"
"001989","E9E39190"
"001990","59EB4326"
"001991","DB7B8321"
"001992","71C09482"
"001993","7DF1642A"
"001994","63460B98"
"001995","BEAE96C1"
"001996","CBFD2698"
"001997","5EF5C7BF"
"001998","AD8BD7FE"
"001999","368A9F54"
"002000","DF48366F"
"002001","41D9AC4C"
"002002","8E0137A4"
"002003","D22169A7"
"002004","45D1CA76"
"002005","440ECFAE"
"002006","C9560C1D"
"002007","713E2FC0"
"002008","A7DF88D0"
"002009","DF282345"
"002010","F23159B6"
"002011","1AFE1D78"
"002012","E68BA40B"
"002013","CF66C8D7"
"002014","5BCB696F"
"002015","8D339753"
"002016","5D4BC294"
"002017","E21AFE18"
"002018","89F48E00"
"002019","1C09A6A9"
"002020","FF24408F"
"002021","39445E2A"
"002022","B152FAAD"
"002023","6EA8E749"
"002024","C8982D98"
"002025","EFE8D33E"
"002026","F58E01C2"
"002027","A86B5758"
"002028","BD126767"
"002029","EE259F6E"
"002030","EF891DBB"
"002031","CE786C69"
"002032","6DB02A1F"
"002033","5509D461"
"002034","33BD2747"
"002035","276EC9C2"
"002036","A80180E7"
"002037","C8D59EFD"
"002038","E02A1592"
"002039","EE0CF9E0"
"002040","757FEF73"
"002041","4445C978"
"002042","4A47A820"
"002043","68968BF9"
"002044","4827B64A"
"002045","491ECA5C"
"002046","F7C75E11"
"002047","ECFEF2C6"
"002048","EDCC1260"
"002049","5136CC3F"
"002050","70E617A3"
"002051","FDAF88ED"
"002052","3A6AD70A"
"002053","B7CA05F6"
"002054","D077C017"
"002055","DC0A1621"
"002056","A9EFC4C0"
"002057","3CF0C3A7"
"002058","FCC36751"
"002059","2C9536EC"
"002060","E383F9BA"
"002061","449A888E"
"002062","5CB22223"
"002063","250C0A0F"
"002064","2BB1DB8F"
"002065","A77D9D41"
"002066","66BF18BC"
"002067","16567EDC"
"002068","8F51E06D"
"002069","16F675FA"
"002070","D2831DB7"
"002071","2BBBA642"
"002072","A7608F55"
"002073","34DE493B"
"002074","D2A2316B"
"002075","CD6B6955"
"002076","B58A1C47"
"002077","A5EC3A57"
"002078","AB4D504A"
"002079","26C8FF9A"
"002080","E26400FB"
"002081","1040763F"
"002082","3976EC4A"
"002083","30AB8A35"
"002084","18F8EE59"
"002085","C844A457"
"002086","20447028"
"002087","CD163205"
"002088","77777BA6"
"002089","B4190A35"
"002090","35332EA1"
"002091","ACB528E5"
"002092","F27FEC7E"
"002093","E951C0C2"
"002094","97D31D7E"
"002095","AEB8ECE4"
"002096","77B977EB"
"002097","79D35F35"
"002098","87E5B9E1"
"002099","D1752EE7"
"002100","E50363C9"
"002101","CB2A75B1"
"002102","B41B77AE"
"002103","4D74BCFC"
"002104","1BC2605E"
"002105","FFC53E31"
"002106","74961E54"
"002107","857FCFD1"
"002108","F3767B61"
"002109","4B02DD49"
"002110","4EC26E0B"
"002111","345E18AB"
"002112","A3F2115C"
"002113","50179901"
"002114","FC076FC9"
"002115","1CE9F5F9"
"002116","DE361714"
"002117","98516095"
"002118","7A35D3FC"
"002119","2A562871"
"002120","93241F75"
"002121","DF5406FB"
"002122","6B8DB696"
"002123","15536CC2"
"002124","68E27BAB"
"002125","BB709294"
"002126","FC9D340C"
"002127","470F55B7"
"002128","6AFAD81E"
"002129","A546FDB5"
"002130","482623C8"
"002131","F4D1CC70"
"002132","E5E7B0ED"
"002133","746DCB7D"
"002134","B4A5626C"
"002135","3E4A91DD"
"002136","9CF10594"
"002137","7EE6CE2B"
"002138","6C0203E6"
"002139","356C2401"
"002140","B0E4A494"
"002141","16B4838E"
"002142","F456D0F1"
"002143","F0FD6446"
"002144","FF627237"
"002145","53EF5F07"
"002146","D8B4719D"
"002147","42D764E9"
"002148","FD210D56"
"002149","72466DE8"
"002150","DA26A07E"
"002151","6010B3D3"
"002152","F1BB2A3D"
"002153","C6E2A708"
"002154","CC32C978"
"002155","8C238DBF"
"002156","29420E5C"
"002157","773053F2"
"002158","2C727506"
"002159","B8685194"
"002160","86FD8094"
"002161","421DE85F"
"002162","E2D7DC28"
"002163","57099625"
"002164","F56D9A1F"
"002165","CBEBAFF1"
"002166","27970928"
"002167","4BE3451C"
"002168","79CECF75"
"002169","E0B3AC93"
"002170","3C99E1EC"
"002171","CE8A17C2"
"002172","D50C9529"
"002173","3B5D08D7"
"002174","6AD17F73"
"002175","C704D694"
"002176","C93AFE73"
"002177","5DBA7DA2"
"002178","87A32D44"
"002179","A28CBBD4"
"002180","815BB8FE"
"002181","3B1F0B18"
"002182","BC1B769D"
"002183","2EF659A2"
"002184","E95EC236"
"002185","E0C062F0"
"002186","EE7D9E02"
"002187","6A3063B2"
"002188","8DFB3787"
"002189","36CA66EA"
"002190","A731DD30"
"002191","8F91B967"
"002192","EF28A1EF"
"002193","1A131B3E"
"002194","F400D4C8"
"002195","467C15F9"
"002196","FCAD1D8D"
"002197","48EA68D7"
"002198","87F682A7"
"002199","6D24C267"
"002200","8A60B9DF"
"002201","AD8D178F"
"002202","63332565"
"002203","CF20A889"
"002204","497276C7"
"002205","264E5561"
"002206","4C5C6B3D"
"002207","699D2D8D"
"002208","5D273C83"
"002209","16973638"
"002210","B54D4A27"
"002211","AEFB2A8D"
"002212","F4372EE7"
"002213","1C6783D0"
"002214","E60EE440"
"002215","28CD6C12"
"002216","2C19B8AF"
"002217","4C0F3F7E"
"002218","5C10D696"
"002219","820811A0"
"002220","A93CB6C4"
"002221","DF643A29"
"002222","8003548A"
"002223","5B7A322D"
"002224","CE4F19D5"
"002225","B6C31D47"
"002226","FAA16AF5"
"002227","42772321"
"002228","E57365D9"
"002229","10B74743"
"002230","4825D200"
"002231","A4E0C16F"
"002232","205A6C2D"
"002233","2930D9AF"
"002234","9310A6D8"
"002235","4E901FA5"
"002236","7FF29E97"
"002237","82BC5D92"
"002238","295072AC"
"002239","3A65F436"
"002240","A9845FED"
"002241","F33B571B"
"002242","8ACCDC01"
"002243","5D182DF4"
"002244","CDBFAF28"
"002245","7A292EFA"
"002246","ADBD615A"
"002247","D91E093B"
"002248","EE6B8BCC"
"002249","E883CD46"
"002250","342281EF"
"002251","51E80736"
"002252","91137744"
"002253","29FB477A"
"002254","4E23AEAD"
"002255","A8DD2CB9"
"002256","C83B7040"
"002257","AC1802DF"
"002258","97006878"
"002259","9062DF3A"
"002260","614EC94D"
"002261","C292A812"
"002262","2DAEE67D"
"002263","B080C681"
"002264","B3AA3A4D"
"002265","60254A37"
"002266","FF2EAACE"
"002267","957E1255"
"002268","D4CD8DB0"
"002269","C8A92166"
"002270","5F015FC8"
"002271","BB2181F4"
"002272","96ED46E0"
"002273","646039A5"
"002274","3228627B"
"002275","7F098E8D"
"002276","81C8A5F7"
"002277","44D66FEE"
"002278","2A71538E"
"002279","39DE1A54"
"002280","E9D46518"
"002281","69D128C0"
"002282","5AC81AB3"
"002283","11E8FF7B"
"002284","2776903C"
"002285","2851151B"
"002286","F9B0AC58"
"002287","39EEE636"
"002288","F73BDA46"
"002289","BEB56B83"
"002290","B4F70273"
"002291","5CEDB916"
"002292","CC9AC9DC"
"002293","6F9BF4AC"
"002294","790F9ADF"
"002295","E2B2218E"
"002296","6B052407"
"002297","91254B2B"
"002298","1F8EE1A8"
"002299","32016226"
"002300","BCB3F149"
"002301","C7D0AD5B"
"002302","7A89E8B1"
"002303","6B60F8FE"
"002304","4BC67C4D"
"002305","532EC330"
"002306","C69EC884"
"002307","8B516083"
"002308","48F8ABE1"
"002309","3736B5A5"
"002310","C2CF0BD5"
"002311","C41D5607"
"002312","AB611AAA"
"002313","A714FAEF"
"002314","A44286DA"
"002315","2E2B0263"
"002316","EE534563"
"002317","F5D73543"
"002318","D474F8E0"
"002319","1A08671D"
"002320","15AE38B8"
"002321","C664828D"
"002322","523CDAE6"
"002323","C9386B31"
"002324","BD8C1610"
"002325","4EBDA1F8"
"002326","2985B64B"
"002327","6A11EE2A"
"002328","2072D580"
"002329","828C4B99"
"002330","328467FE"
"002331","A7CE3CAF"
"002332","4ED2A345"
"002333","8E95194A"
"002334","A797AF68"
"002335","72304919"
"002336","EBCA36CC"
"002337","D9AB65A6"
"002338","C0F36695"
"002339","5FFA043C"
"002340","F5D584B3"
"002341","B0527B13"
"002342","56A0C73B"
"002343","CCB13DAB"
"002344","CE372DD8"
"002345","364378A3"
"002346","5C4A197B"
"002347","FD016329"
"002348","9799059F"
"002349","449B4634"
"002350","6EB42CCA"
"002351","6D53848E"
"002352","838C1839"
"002353","8C800007"
"002354","10B3FF3D"
"002355","B401FB8C"
"002356","3F3C87FC"
"002357","5C9931BE"
"002358","3CDAEBE5"
"002359","83D91494"
"002360","41D9A625"
"002361","43C24638"
"002362","C9FFC656"
"002363","2C621B5B"
"002364","1ADEA8A2"
"002365","8CEA89A7"
"002366","8B37416B"
"002367","23C22C82"
"002368","D39459A9"
"002369","C7221EB4"
"002370","1FB9FF64"
"002371","61C22643"
"002372","55D02174"
"002373","B95F47E0"
"002374","D4A2AEF3"
"002375","2CE11FB8"
"002376","6220CCB9"
"002377","639361D7"
"002378","D95A90E6"
"002379","D11EC0D6"
"002380","F1456C50"
"002381","A632F1A1"
"002382","27F6CBD1"
"002383","4C76DF99"
"002384","67F6B211"
"002385","E6602770"
"002386","64B4E8C2"
"002387","3ED3BD0E"
"002388","98B7264F"
"002389","D77330C3"
"002390","9B30DAB1"
"002391","6A88486C"
"002392","BD8A9989"
"002393","2AA7C1B4"
"002394","14DAF163"
"002395","BF2FC37B"
"002396","4B213298"
"002397","13432E06"
"002398","3AA0197C"
"002399","431C2A51"
"002400","802E7366"
"002401","40927841"
"002402","1BA2C330"
"002403","E748BECE"
"002404","1E509DC6"
"002405","17ABAF03"
"002406","1C4ED794"
"002407","8712159A"
"002408","3E18D0EF"
"002409","24EA03AB"
"002410","CBFF17DB"
"002411","D7C10787"
"002412","1D7040CE"
"002413","30A7EE7F"
"002414","CBD64673"
"002415","AC41E515"
"002416","1EC2EA4A"
"002417","5BC6C837"
"002418","EF5A7D64"
"002419","CF2D4DE1"
"002420","900422E7"
"002421","371F380A"
"002422","FECD0D87"
"002423","10940A10"
"002424","3ACD604D"
"002425","1D01D060"
"002426","242549DD"
"002427","7DCB466E"
"002428","F2839E93"
"002429","BD7B4364"
"002430","7E009D7F"
"002431","DFC2959C"
"002432","329BBE74"
"002433","CD1B87C0"
"002434","47C64D06"
"002435","F03912B1"
"002436","E5C2423B"
"002437","AA8B4FCF"
"002438","FBA94274"
"002439","27730587"
"002440","EED6C05D"
"002441","A94736E8"
"002442","3A1E447B"
"002443","D2DD6E04"
"002444","F6577634"
"002445","3F63FE35"
"002446","AAC8F851"
"002447","F158CDF8"
"002448","72055246"
"002449","794B3EB9"
"002450","14CE0E69"
"002451","9BB098AB"
"002452","6934DC3E"
"002453","E0EBECB9"
"002454","37E4FBC9"
"002455","4710A4FF"
"002456","3E6C555F"
"002457","F5E61113"
"002458","3C6F9BEC"
"002459","44160194"
"002460","B69B7550"
"002461","B9C51164"
"002462","7F4A1F2C"
"002463","5F648D60"
"002464","9F6522A5"
"002465","EE67EE81"
"002466","9DF1A4CB"
"002467","D876B1DA"
"002468","289F8378"
"002469","8542D52B"
"002470","B90BDD03"
"002471","60A8A1A1"
"002472","E15ACD39"
"002473","C431603C"
"002474","F64619D6"
"002475","AF4C781A"
"002476","EE6B2BE7"
"002477","501CEF77"
"002478","6EEE2961"
"002479","6FE09F0C"
"002480","1F9E26B9"
"002481","1EC671CC"
"002482","6E935951"
"002483","C54DD388"
"002484","816FDD0D"
"002485","178F0048"
"002486","5C6A0846"
"002487","505E314F"
"002488","2B4080DC"
"002489","8726AEBC"
"002490","B318200E"
"002491","386A9E54"
"002492","65B66D13"
"002493","8B94EC40"
"002494","64FCDD19"
"002495","6387FC06"
"002496","1A2531C7"
"002497","6519DB09"
"002498","F6F23D8C"
"002499","974978D8"
"002500","DA7E00EA"